<?xml version="1.0" encoding="utf-8"?>
<Map>
  <StartData>
    <xLocation>100</xLocation>
    <yLocation>300</yLocation>
    <yMax>400</yMax>
    <xMax>720</xMax>
  </StartData>
  
  <BlockData>
    <State>Hidden</State>
    <itemType>Null</itemType>
    <xLocation>200</xLocation>
    <yLocation>100</yLocation>
  </BlockData>
    
  <BlockData>
    <State>Question</State>
    <itemType>Null</itemType>
    <xLocation>300</xLocation>
    <yLocation>100</yLocation>
  </BlockData>
  
  <BlockData>
    <State>Stair</State>
    <itemType>Null</itemType>
    <xLocation>400</xLocation>
    <yLocation>100</yLocation>
  </BlockData>
  
  <BlockData>
    <State>Brick</State>
    <itemType>Null</itemType>
    <xLocation>500</xLocation>
    <yLocation>100</yLocation>
  </BlockData>

  <BlockData>
    <State>Used</State>
    <itemType>Null</itemType>
    <xLocation>600</xLocation>
    <yLocation>100</yLocation>
  </BlockData>

  <BlockData>
    <State>Floor</State>
    <itemType>Null</itemType>
    <xLocation>700</xLocation>
    <yLocation>100</yLocation>
  </BlockData>
    
  <EnemyData>
    <enemyType>Goomba</enemyType>
    <xLocation>400</xLocation>
    <yLocation>300</yLocation>
  </EnemyData>
  <EnemyData>
    <enemyType>Koopa</enemyType>
    <xLocation>600</xLocation>
    <yLocation>300</yLocation>
  </EnemyData>

  <ItemData>
    <itemType>Coin</itemType>
    <xLocation>300</xLocation>
    <yLocation>200</yLocation>
  </ItemData>
  <ItemData>
    <itemType>Flower</itemType>
    <xLocation>400</xLocation>
    <yLocation>200</yLocation>
  </ItemData>
  <ItemData>
    <itemType>SuperMushroom</itemType>
    <xLocation>500</xLocation>
    <yLocation>200</yLocation>
  </ItemData>
  <ItemData>
    <itemType>Star</itemType>
    <xLocation>600</xLocation>
    <yLocation>200</yLocation>
  </ItemData>
  <ItemData>
    <itemType>UpMushroom</itemType>
    <xLocation>700</xLocation>
    <yLocation>200</yLocation>
  </ItemData>
</Map>

